"label","tool","n_rows","n_cols","n_id","n_val","times","first_run_sec","skipped","min","lq","mean","median","uq","max","neval","gc_sec","relative_mean","relative_median"
"Melt: rows=1,000, 1 id + 9 val","dataprep",1000,10,1,9,20,0.0002835,FALSE,0.274,0.28715,0.306485,0.2904,0.29645,0.5781,20,4.1690236,1,1
"Melt: rows=1,000, 1 id + 9 val","data.table",1000,10,1,9,20,0.0004469,FALSE,0.4031,0.432175,0.44829,0.4549,0.46035,0.4761,20,4.1584208,1.46268169730982,1.56646005509642
"Melt: rows=1,000, 1 id + 9 val","polars",1000,10,1,9,20,0.0080011,FALSE,0.5002,0.51875,0.53755,0.53075,0.540975,0.6643,20,4.3599483,1.75391944140823,1.82765151515152
"Melt: rows=1,000, 1 id + 9 val","reshape2",1000,10,1,9,20,0.0016801,FALSE,0.561,0.5819,0.63815,0.59325,0.604525,0.9914,20,4.1703831,2.08215736496076,2.04287190082645
"Melt: rows=1,000, 1 id + 9 val","pandas",1000,10,1,9,20,0.0034928,FALSE,3.2305,3.2689,3.42046,3.29595,3.3343,5.2407,20,4.1680126,11.1602851689316,11.3496900826446
"Melt: rows=1,000, 1 id + 9 val","tidyr",1000,10,1,9,20,0.0041099,FALSE,3.9591,3.9943,4.063815,4.03645,4.065325,4.3046,20,4.173047,13.2594254204937,13.8996212121212
"Melt: rows=1,000, 1 id + 9 val","duckdb",1000,10,1,9,20,0.0094128,FALSE,7.3593,7.47145,7.82784,7.6127,7.847875,9.0338,20,4.4529565,25.5406953031959,26.2145316804408
"Melt: rows=1,000, 1 id + 9 val","dask",1000,10,1,9,15,0.0306204,FALSE,27.4858,28.40795,29.1862266666667,29.1484,29.82365,30.509,15,3.4131253,95.2288910278372,100.373278236915
"Melt: rows=10,000, 1 id + 9 val","dataprep",10000,10,1,9,20,0.0004693,FALSE,0.4567,0.460425,0.48264,0.46565,0.471575,0.771,20,4.1458573,1,1
"Melt: rows=10,000, 1 id + 9 val","data.table",10000,10,1,9,20,0.0007667,FALSE,0.6467,0.678225,0.734245,0.7036,0.7495,1.002,20,4.321023,1.52130987899884,1.51100612047675
"Melt: rows=10,000, 1 id + 9 val","polars",10000,10,1,9,20,0.0013126,FALSE,0.6795,0.703925,0.7974,0.7311,0.861175,1.0453,20,4.3252118,1.65216310293386,1.57006335230323
"Melt: rows=10,000, 1 id + 9 val","reshape2",10000,10,1,9,20,0.0011281,FALSE,0.821,0.8512,0.90292,0.89195,0.9289,1.1734,20,4.3689615,1.87079396651749,1.91549447009557
"Melt: rows=10,000, 1 id + 9 val","pandas",10000,10,1,9,20,0.0084457,FALSE,4.6437,4.698925,4.85705,4.75915,4.9683,5.5734,20,4.1747617,10.0635048897729,10.2204445398905
"Melt: rows=10,000, 1 id + 9 val","tidyr",10000,10,1,9,20,0.0051446,FALSE,4.82,4.8726,5.007235,4.95355,5.142875,5.3895,20,4.2218342,10.3746788496602,10.6379254805111
"Melt: rows=10,000, 1 id + 9 val","duckdb",10000,10,1,9,15,0.024875,FALSE,20.207,22.6207,23.0921466666667,23.6678,24.1327,24.5824,15,3.4730528,47.8454887010332,50.8274455062815
"Melt: rows=10,000, 1 id + 9 val","dask",10000,10,1,9,15,0.0311557,FALSE,28.2668,29.1538,29.9259066666667,29.9606,30.47165,31.8186,15,3.3851496,62.0046135145588,64.3414581767422
"Melt: rows=100,000, 1 id + 9 val","dataprep",100000,10,1,9,20,0.0026705,FALSE,2.5717,2.6297,2.689785,2.6451,2.685275,2.9122,20,4.206335,1,1
"Melt: rows=100,000, 1 id + 9 val","polars",100000,10,1,9,20,0.0057614,FALSE,3.044,3.1549,3.724595,3.23415,3.495125,5.7616,20,4.4062273,1.3847184812169,1.22269479414767
"Melt: rows=100,000, 1 id + 9 val","data.table",100000,10,1,9,20,0.0033539,FALSE,3.2776,3.308475,3.38071,3.325,3.4032,3.5925,20,4.2798041,1.25686997287887,1.25704132168916
"Melt: rows=100,000, 1 id + 9 val","reshape2",100000,10,1,9,20,0.0038776,FALSE,3.4685,3.54575,3.797005,3.80645,3.95345,4.1422,20,4.4507017,1.41163884845815,1.43905712449435
"Melt: rows=100,000, 1 id + 9 val","tidyr",100000,10,1,9,15,0.0176817,FALSE,16.591,16.81895,17.1319266666667,16.8847,17.0462,18.4093,15,3.3012349,6.36925503959115,6.38338815167669
"Melt: rows=100,000, 1 id + 9 val","pandas",100000,10,1,9,15,0.0245064,FALSE,22.4863,22.63155,22.88052,22.8329,22.94515,23.5534,15,3.2511414,8.50644940023087,8.63215001323201
"Melt: rows=100,000, 1 id + 9 val","dask",100000,10,1,9,15,0.0547538,FALSE,44.5675,45.14675,45.7353733333333,45.6575,46.3796,46.9713,15,3.6363192,17.0033565260173,17.2611621488791
"Melt: rows=100,000, 1 id + 9 val","duckdb",100000,10,1,9,10,0.1878699,FALSE,179.0602,179.68235,180.64942,180.66145,180.85035,183.1107,10,2.4626396,67.1612861250992,68.3004234244452
"Melt: rows=1,000,000, 1 id + 9 val","dataprep",1000000,10,1,9,15,0.013117,FALSE,11.4415,11.79315,12.41412,12.0229,12.12645,16.8079,15,3.3288645,1,1
"Melt: rows=1,000,000, 1 id + 9 val","polars",1000000,10,1,9,15,0.0470426,FALSE,21.5055,21.6603,24.9838533333333,21.9346,22.28185,47.5498,15,3.2916158,2.01253518842522,1.82440176662868
"Melt: rows=1,000,000, 1 id + 9 val","data.table",1000000,10,1,9,15,0.0318923,FALSE,24.6918,25.322,26.62324,25.424,25.68695,33.5791,15,3.3764475,2.14459341459564,2.11463124537341
"Melt: rows=1,000,000, 1 id + 9 val","reshape2",1000000,10,1,9,15,0.0274385,FALSE,25.43,25.60285,26.4064666666667,25.8508,27.42335,28.149,15,3.4226041,2.1271315781277,2.15013016826223
"Melt: rows=1,000,000, 1 id + 9 val","pandas",1000000,10,1,9,10,0.2012007,FALSE,185.9357,187.49035,193.28265,188.2709,197.45115,210.251,10,2.3692645,15.5695812510271,15.6593583910704
"Melt: rows=1,000,000, 1 id + 9 val","tidyr",1000000,10,1,9,10,0.192312,FALSE,189.469,190.092225,193.07331,192.10615,193.9824,202.2048,10,2.5500337,15.5527181950875,15.9783538081494
"Melt: rows=1,000,000, 1 id + 9 val","dask",1000000,10,1,9,10,0.2663743,FALSE,190.8661,194.45075,197.62697,195.1482,197.997,214.4497,10,2.463156,15.9195311467909,16.2313751258016
"Melt: rows=1,000,000, 1 id + 9 val","duckdb",1000000,10,1,9,5,1.6473607,FALSE,1407.497,1410.3125,1458.4727,1419.8474,1448.0946,1606.612,5,1.200402,117.484984839844,118.095251561603
"Melt: rows=10,000,000, 1 id + 9 val","dataprep",10000000,10,1,9,10,0.2243274,FALSE,108.5407,164.53555,159.654,165.06545,165.30095,168.3046,10,2.9939973,1,1
"Melt: rows=10,000,000, 1 id + 9 val","polars",10000000,10,1,9,10,0.5631541,FALSE,212.3468,213.900075,251.9829,218.72055,263.2037,442.775,10,2.2304852,1.57830621218385,1.3250534863595
"Melt: rows=10,000,000, 1 id + 9 val","reshape2",10000000,10,1,9,10,0.3174764,FALSE,266.3995,304.40355,314.40631,321.2406,329.9578,350.6821,10,2.8173994,1.96929804452128,1.94614075810535
"Melt: rows=10,000,000, 1 id + 9 val","data.table",10000000,10,1,9,10,0.3314058,FALSE,280.0969,318.873725,322.48435,333.10555,333.720175,341.4542,10,2.6908399,2.01989521089356,2.0180210334749
"Melt: rows=10,000,000, 1 id + 9 val","dask",10000000,10,1,9,5,2.5943906,FALSE,1728.4242,1752.0296,1761.71026,1766.7141,1775.029,1786.3544,5,1.5612207,11.0345513422777,10.7031126138147
"Melt: rows=10,000,000, 1 id + 9 val","tidyr",10000000,10,1,9,5,1.820409,FALSE,1815.2702,1851.0019,1871.67492,1870.3939,1904.6465,1917.0621,5,2.2511864,11.7233199293472,11.331225886459
"Melt: rows=10,000,000, 1 id + 9 val","pandas",10000000,10,1,9,5,2.0377286,FALSE,1888.8212,1891.9983,2016.50668,2010.2244,2133.9682,2157.5213,5,1.3479732,12.6304801633532,12.1783474373347
"Melt: rows=10,000,000, 1 id + 9 val","duckdb",10000000,10,1,9,1,14.8416611,FALSE,14561.3072,14561.3072,14561.3072,14561.3072,14561.3072,14561.3072,1,0.2308251,91.2054016811354,88.2153545760182
"Melt: rows=100,000,000, 1 id + 9 val","dataprep",100000000,10,1,9,10,0.9909862,FALSE,911.6343,1059.828175,1081.99437,1106.0723,1118.60205,1168.2183,10,8.8812454,1,1
"Melt: rows=100,000,000, 1 id + 9 val","data.table",100000000,10,1,9,5,2.9072248,FALSE,2476.0445,2574.8429,2629.4912,2576.2742,2643.6448,2876.6496,5,3.4816162,2.43022632363605,2.32920958241157
"Melt: rows=100,000,000, 1 id + 9 val","reshape2",100000000,10,1,9,5,2.9682751,FALSE,2562.7721,2565.3067,2596.12702,2586.3137,2632.0733,2634.1693,5,3.5483579,2.39939050699497,2.33828629466627
"Melt: rows=100,000,000, 1 id + 9 val","polars",100000000,10,1,9,5,4.7835251,FALSE,4243.0615,4298.3365,4705.30128,4732.2779,4807.8639,5444.9666,5,6.1087805,4.34872991067412,4.27845259301765
"Melt: rows=100,000,000, 1 id + 9 val","dask",100000000,10,1,9,1,22.2971104,FALSE,14989.6059,14989.6059,14989.6059,14989.6059,14989.6059,14989.6059,1,0.2329674,13.8536819743341,13.5521031491341
"Melt: rows=100,000,000, 1 id + 9 val","tidyr",100000000,10,1,9,1,15.9693657,FALSE,17211.5768,17211.5768,17211.5768,17211.5768,17211.5768,17211.5768,1,1.8615588,15.9072702014152,15.5609871072623
"Melt: rows=100,000,000, 1 id + 9 val","pandas",100000000,10,1,9,1,20.841898,FALSE,20196.6788,20196.6788,20196.6788,20196.6788,20196.6788,20196.6788,1,0.2291245,18.6661588636547,18.2598179160621
"Melt: rows=100,000,000, 1 id + 9 val","duckdb",100000000,10,1,9,1,153.2305382,FALSE,149796.1388,149796.1388,149796.1388,149796.1388,149796.1388,149796.1388,1,0.212751,138.444471573359,135.430693635488
"Melt: rows=1,000, 10 id (5 int + 5 chr) + 9 val","dataprep",1000,19,10,9,20,0.0005134,FALSE,0.4929,0.499325,0.50587,0.50275,0.506775,0.5421,20,4.0999449,1,1
"Melt: rows=1,000, 10 id (5 int + 5 chr) + 9 val","data.table",1000,19,10,9,20,0.0008442,FALSE,0.779,0.809825,0.84797,0.81935,0.8344,1.1182,20,4.1141259,1.67626069938917,1.6297364495276
"Melt: rows=1,000, 10 id (5 int + 5 chr) + 9 val","reshape2",1000,19,10,9,20,0.001387,FALSE,1.0062,1.041525,1.13124,1.06005,1.18295,1.5823,20,4.5176201,2.23622669855892,2.10850323222278
"Melt: rows=1,000, 10 id (5 int + 5 chr) + 9 val","polars",1000,19,10,9,20,0.0017908,FALSE,1.0459,1.1562,1.263465,1.1991,1.28115,1.8403,20,4.4572107,2.49760808112756,2.38508204873197
"Melt: rows=1,000, 10 id (5 int + 5 chr) + 9 val","tidyr",1000,19,10,9,20,0.0045141,FALSE,4.3782,4.408925,4.520965,4.48285,4.58425,4.7633,20,4.1160627,8.93700950837172,8.91665837891596
"Melt: rows=1,000, 10 id (5 int + 5 chr) + 9 val","pandas",1000,19,10,9,15,0.0115086,FALSE,11.0023,11.18675,11.2816533333333,11.332,11.35885,11.5253,15,3.1452965,22.3014872068582,22.5400298359025
"Melt: rows=1,000, 10 id (5 int + 5 chr) + 9 val","duckdb",1000,19,10,9,15,0.0246844,FALSE,19.6462,19.99295,21.7752933333333,22.5222,22.93345,24.8457,15,3.6380786,43.0452356007143,44.7980109398309
"Melt: rows=1,000, 10 id (5 int + 5 chr) + 9 val","dask",1000,19,10,9,15,0.0994727,FALSE,96.2779,97.1684,97.7256866666667,97.6995,98.09145,99.8532,15,3.8401749,193.183400214811,194.330183988066
"Melt: rows=10,000, 10 id (5 int + 5 chr) + 9 val","dataprep",10000,19,10,9,20,0.001547,FALSE,1.5233,1.5401,1.591025,1.54455,1.5648,1.8516,20,4.4711082,1,1
"Melt: rows=10,000, 10 id (5 int + 5 chr) + 9 val","polars",10000,19,10,9,20,0.0023099,FALSE,1.5363,1.7477,2.24207,1.94685,2.3313,3.8209,20,4.5607996,1.4091984726827,1.26046421287754
"Melt: rows=10,000, 10 id (5 int + 5 chr) + 9 val","data.table",10000,19,10,9,20,0.0034344,FALSE,3.3337,3.387475,3.47915,3.43015,3.641125,3.7317,20,4.5162249,2.18673496645244,2.22080864976854
"Melt: rows=10,000, 10 id (5 int + 5 chr) + 9 val","reshape2",10000,19,10,9,20,0.005919,FALSE,4.4569,4.504875,4.80723,4.6821,4.9741,6.31,20,4.629366,3.02146729309722,3.03136835971642
"Melt: rows=10,000, 10 id (5 int + 5 chr) + 9 val","tidyr",10000,19,10,9,20,0.0081573,FALSE,7.9949,8.144925,8.393475,8.31355,8.609925,9.0115,20,4.529044,5.27551421253594,5.38250623158849
"Melt: rows=10,000, 10 id (5 int + 5 chr) + 9 val","pandas",10000,19,10,9,15,0.0152049,FALSE,14.3704,14.67565,14.6793266666667,14.7065,14.73665,14.8037,15,3.3486214,9.2263331290625,9.52154349163187
"Melt: rows=10,000, 10 id (5 int + 5 chr) + 9 val","dask",10000,19,10,9,10,0.106819,FALSE,101.5824,102.48105,103.3768,103.52725,104.1096,105.641,10,2.5712927,64.9749689665467,67.0274513612379
"Melt: rows=10,000, 10 id (5 int + 5 chr) + 9 val","duckdb",10000,19,10,9,10,0.1247325,FALSE,104.6669,105.395475,110.03117,107.20815,108.266925,124.9124,10,2.4958637,69.1574111029054,69.4106050305914
"Melt: rows=100,000, 10 id (5 int + 5 chr) + 9 val","polars",100000,19,10,9,15,0.0104074,FALSE,6.105,7.65185,10.8166733333333,8.2084,10.15245,25.7734,15,3.4307124,1,1
"Melt: rows=100,000, 10 id (5 int + 5 chr) + 9 val","dataprep",100000,19,10,9,15,0.0141208,FALSE,13.7436,14.11655,14.3882466666667,14.1431,14.4806,15.8912,15,3.5244777,1.33019147599909,1.7230032649481
"Melt: rows=100,000, 10 id (5 int + 5 chr) + 9 val","data.table",100000,19,10,9,15,0.0282509,FALSE,27.8002,28.0669,28.3499,28.238,28.26185,29.841,15,3.6536209,2.62094445550419,3.44013449636957
"Melt: rows=100,000, 10 id (5 int + 5 chr) + 9 val","reshape2",100000,19,10,9,15,0.0438696,FALSE,37.7131,38.243,41.4083533333333,38.8135,43.7454,50.9001,15,3.7795374,3.82819671605749,4.72850981920959
"Melt: rows=100,000, 10 id (5 int + 5 chr) + 9 val","pandas",100000,19,10,9,15,0.0472721,FALSE,44.0691,44.49315,45.0795066666667,44.6813,45.4182,47.4091,15,3.5679285,4.16759434971072,5.443362896545
"Melt: rows=100,000, 10 id (5 int + 5 chr) + 9 val","tidyr",100000,19,10,9,15,0.0462745,FALSE,45.1359,45.83805,46.0705733333333,46.003,46.38355,46.767,15,3.7523494,4.25921833021983,5.60438087812485
"Melt: rows=100,000, 10 id (5 int + 5 chr) + 9 val","dask",100000,19,10,9,10,0.1439543,FALSE,130.824,131.455975,133.01654,132.7201,133.701175,137.0161,10,2.3198619,12.2973612959252,16.1688148725696
"Melt: rows=100,000, 10 id (5 int + 5 chr) + 9 val","duckdb",100000,19,10,9,5,1.0249515,FALSE,986.475,991.0992,996.67516,998.9322,999.2898,1007.5796,5,1.074606,92.142484966111,121.696335461235
"Melt: rows=1,000,000, 10 id (5 int + 5 chr) + 9 val","polars",1000000,19,10,9,10,0.1041575,FALSE,63.3621,74.470875,101.76787,91.73095,127.37535,167.353,10,2.3377009,1.07757882865354,1
"Melt: rows=1,000,000, 10 id (5 int + 5 chr) + 9 val","dataprep",1000000,19,10,9,10,0.1028234,FALSE,89.9274,91.07225,94.44123,95.0972,95.37855,101.9127,10,3.2705465,1,1.03669699267259
"Melt: rows=1,000,000, 10 id (5 int + 5 chr) + 9 val","data.table",1000000,19,10,9,10,0.2748586,FALSE,273.3697,274.16305,279.1723,274.8371,276.292875,316.2569,10,3.2672264,2.95604260977965,2.99612181057756
"Melt: rows=1,000,000, 10 id (5 int + 5 chr) + 9 val","pandas",1000000,19,10,9,10,0.3344436,FALSE,314.1644,316.708,325.48342,323.2854,335.2875,336.9414,10,2.4887952,3.44641233495159,3.52427833790013
"Melt: rows=1,000,000, 10 id (5 int + 5 chr) + 9 val","dask",1000000,19,10,9,10,0.4562497,FALSE,366.5075,371.022975,376.7443,377.85975,381.026025,387.255,10,2.7270456,3.98919306747699,4.11921766862766
"Melt: rows=1,000,000, 10 id (5 int + 5 chr) + 9 val","reshape2",1000000,19,10,9,10,0.4550974,FALSE,375.4246,396.466825,422.00492,428.0551,442.611575,456.1531,10,3.4590912,4.468439472887,4.66641956722349
"Melt: rows=1,000,000, 10 id (5 int + 5 chr) + 9 val","tidyr",1000000,19,10,9,10,0.4310821,FALSE,430.456,435.33615,443.5751,447.6101,448.8628,454.3613,10,3.4572605,4.69683738765368,4.87959734418972
"Melt: rows=1,000,000, 10 id (5 int + 5 chr) + 9 val","duckdb",1000000,19,10,9,5,9.5313566,FALSE,9325.622,9395.3403,9698.45768,9834.8959,9916.0684,10020.3618,5,1.278149,102.693047093944,107.214586788865
"Melt: rows=10,000,000, 10 id (5 int + 5 chr) + 9 val","dataprep",10000000,19,10,9,5,1.0732764,FALSE,890.2358,947.1356,957.28036,955.5574,969.4389,1024.0341,5,6.3337322,1,1
"Melt: rows=10,000,000, 10 id (5 int + 5 chr) + 9 val","polars",10000000,19,10,9,5,1.2207322,FALSE,864.3148,960.8601,1048.58622,1097.1615,1116.9813,1203.6134,5,2.9017862,1.0953804797583,1.14819005116804
"Melt: rows=10,000,000, 10 id (5 int + 5 chr) + 9 val","data.table",10000000,19,10,9,5,2.7926574,FALSE,2726.2601,2728.0662,2736.2842,2733.1094,2746.7799,2747.2054,5,5.899075,2.85839375206653,2.86022524654197
"Melt: rows=10,000,000, 10 id (5 int + 5 chr) + 9 val","dask",10000000,19,10,9,5,3.6308387,FALSE,2746.3355,2803.2825,2846.47428,2850.7265,2851.5624,2980.4645,5,2.8285291,2.97350117994691,2.98331267174531
"Melt: rows=10,000,000, 10 id (5 int + 5 chr) + 9 val","pandas",10000000,19,10,9,5,3.3651215,FALSE,3167.9951,3225.7176,3246.4954,3259.4512,3287.2163,3292.0968,5,2.2608275,3.39137366194372,3.41104699728138
"Melt: rows=10,000,000, 10 id (5 int + 5 chr) + 9 val","reshape2",10000000,19,10,9,5,6.0072659,FALSE,3895.1009,3945.7993,4283.33262,4069.9549,4110.3297,5395.4783,5,5.9559089,4.47448083025541,4.25924690656992
"Melt: rows=10,000,000, 10 id (5 int + 5 chr) + 9 val","tidyr",10000000,19,10,9,5,4.490234,FALSE,4695.2214,4765.3847,4885.44154,4874.4282,4886.8846,5205.2888,5,6.9301347,5.10345949226411,5.10113594431899
"Melt: rows=10,000,000, 10 id (5 int + 5 chr) + 9 val","duckdb",10000000,19,10,9,1,97.3501945,FALSE,98876.8689,98876.8689,98876.8689,98876.8689,98876.8689,98876.8689,1,0.3950028,103.289352870459,103.475593302925
"Melt: 1e3 rows, 1 id + 10 val","dataprep",1000,11,1,10,20,0.0004159,FALSE,0.3939,0.399425,0.40713,0.4029,0.4141,0.4417,20,4.1710498,1,1
"Melt: 1e3 rows, 1 id + 10 val","polars",1000,11,1,10,20,0.0006377,FALSE,0.5126,0.527675,0.582505,0.56465,0.599125,0.8729,20,4.2758606,1.43075921695773,1.40146438322164
"Melt: 1e3 rows, 1 id + 10 val","data.table",1000,11,1,10,20,0.000604,FALSE,0.5316,0.557275,0.584975,0.57635,0.58895,0.823,20,4.128556,1.43682607520939,1.43050384710846
"Melt: 1e3 rows, 1 id + 10 val","reshape2",1000,11,1,10,20,0.0010795,FALSE,0.6805,0.6969,0.744545,0.72405,0.740275,1.0191,20,4.2530183,1.82876476801022,1.79709605361132
"Melt: 1e3 rows, 1 id + 10 val","pandas",1000,11,1,10,10,0.2922645,FALSE,4.0719,4.109075,4.21494,4.1204,4.3535,4.4854,10,2.1866576,10.3528111414045,10.2268552990817
"Melt: 1e3 rows, 1 id + 10 val","tidyr",1000,11,1,10,20,0.0046375,FALSE,4.0548,4.09995,4.372315,4.38915,4.566275,4.8798,20,4.1911905,10.7393584358804,10.8938942665674
"Melt: 1e3 rows, 1 id + 10 val","duckdb",1000,11,1,10,15,0.010808,FALSE,9.7126,10.03875,10.1431266666667,10.1157,10.33645,10.5681,15,3.36796,24.9137294394092,25.1072226358898
"Melt: 1e3 rows, 1 id + 10 val","dask",1000,11,1,10,15,0.0290654,FALSE,27.3446,27.7207,28.4096133333333,28.2587,28.8254,30.4614,15,3.5518393,69.7802012461212,70.1382477041449
"Melt: 1e3 rows, 1 id + 100 val","dataprep",1000,101,1,100,20,0.000836,FALSE,0.8062,0.811825,0.829505,0.8152,0.81875,1.1017,20,4.1511315,1,1
"Melt: 1e3 rows, 1 id + 100 val","polars",1000,101,1,100,5,1.2367868,FALSE,0.9171,0.9464,217.13638,1.0551,1.157,1081.6063,5,1.3281417,261.766209968596,1.29428361138371
"Melt: 1e3 rows, 1 id + 100 val","data.table",1000,101,1,100,20,0.0010967,FALSE,1.0395,1.05315,1.07861,1.0639,1.076025,1.3712,20,4.1640282,1.30030560394452,1.30507850834151
"Melt: 1e3 rows, 1 id + 100 val","reshape2",1000,101,1,100,20,0.0028205,FALSE,2.2514,2.274875,2.331635,2.28785,2.32985,2.8751,20,4.2477648,2.81087516048728,2.80648920510304
"Melt: 1e3 rows, 1 id + 100 val","tidyr",1000,101,1,100,20,0.0059614,FALSE,5.866,5.916875,6.04097,5.9836,6.18545,6.2788,20,4.187437,7.2826203579243,7.34003925417075
"Melt: 1e3 rows, 1 id + 100 val","pandas",1000,101,1,100,10,0.5799017,FALSE,15.7577,16.0002,46.83232,16.13465,16.257,323.6082,10,2.2162357,56.4581527537507,19.7922595682041
"Melt: 1e3 rows, 1 id + 100 val","duckdb",1000,101,1,100,15,0.0558758,FALSE,46.5736,46.83435,49.5812266666667,46.9416,54.64835,55.6437,15,3.4589582,59.7720648659944,57.5829244357213
"Melt: 1e3 rows, 1 id + 100 val","dask",1000,101,1,100,10,0.1131773,FALSE,109.5683,110.469,111.5343,111.3771,112.6101,113.9023,10,2.4032228,134.458864021314,136.625490677134
"Melt: 1e3 rows, 1 id + 1000 val","dataprep",1000,1001,1,1000,20,0.0038323,FALSE,3.7579,3.795725,3.853795,3.81775,3.8383,4.1081,20,4.2177839,1,1
"Melt: 1e3 rows, 1 id + 1000 val","data.table",1000,1001,1,1000,20,0.0038154,FALSE,3.7703,3.807225,3.95018,3.84835,3.945675,4.9132,20,4.2727041,1.02501041181485,1.00801519219436
"Melt: 1e3 rows, 1 id + 1000 val","polars",1000,1001,1,1000,20,0.0068372,FALSE,3.5527,3.60145,4.3321,3.85635,5.05225,6.3848,20,4.3999352,1.12411272524875,1.01011066727785
"Melt: 1e3 rows, 1 id + 1000 val","reshape2",1000,1001,1,1000,15,0.0159142,FALSE,15.7693,15.94535,16.0405333333333,16.0011,16.0405,16.7539,15,3.2275096,4.16226948587907,4.19123829480715
"Melt: 1e3 rows, 1 id + 1000 val","tidyr",1000,1001,1,1000,15,0.0274932,FALSE,23.8273,26.5846,26.50154,26.8587,26.91375,27.6665,15,3.4523709,6.8767383838528,7.03521707812193
"Melt: 1e3 rows, 1 id + 1000 val","pandas",1000,1001,1,1000,10,0.1438843,FALSE,140.2555,140.5004,141.40522,140.59055,142.22005,143.8129,10,2.288701,36.6924602891436,36.8254993124222
"Melt: 1e3 rows, 1 id + 1000 val","duckdb",1000,1001,1,1000,10,0.509451,FALSE,429.0514,433.705375,461.65151,438.92035,499.0916,513.1024,10,2.3494188,119.791403019621,114.968332132801
"Melt: 1e3 rows, 1 id + 1000 val","dask",1000,1001,1,1000,10,0.9607126,FALSE,952.8872,956.631275,961.77601,960.53855,965.583125,978.2573,10,2.4602317,249.565949927279,251.598074782267
"Melt: 1e3 rows, 1 id + 10000 val","dataprep",1000,10001,1,10000,15,0.0125304,FALSE,12.4744,12.58955,12.8483866666667,12.7118,12.8786,14.5893,15,3.5780002,1,1
"Melt: 1e3 rows, 1 id + 10000 val","polars",1000,10001,1,10000,15,0.0623192,FALSE,30.7663,31.5417,38.2407066666667,31.936,39.8082,61.7794,15,3.5900851,2.97630415855065,2.51231139571107
"Melt: 1e3 rows, 1 id + 10000 val","data.table",1000,10001,1,10000,15,0.0349754,FALSE,34.1234,36.27245,36.7634,36.986,37.18825,39.2535,15,3.6868766,2.86132422332661,2.90958007520571
"Melt: 1e3 rows, 1 id + 10000 val","reshape2",1000,10001,1,10000,10,0.1789802,FALSE,168.488,168.909225,172.96473,172.42385,177.27485,178.4666,10,2.2791071,13.4619804406053,13.5640782579965
"Melt: 1e3 rows, 1 id + 10000 val","tidyr",1000,10001,1,10000,10,0.2453552,FALSE,206.1846,206.833575,213.02976,207.1615,210.67515,235.5968,10,2.7514576,16.5802731134078,16.2967872370553
"Melt: 1e3 rows, 1 id + 10000 val","pandas",1000,10001,1,10000,5,1.3980926,FALSE,1402.631,1402.7845,1405.85288,1405.6788,1409.0012,1409.1689,5,1.2443034,109.418631029162,110.580625875171
"Melt: 1e3 rows, 1 id + 10000 val","duckdb",1000,10001,1,10000,5,5.4031095,FALSE,5046.6054,5049.7743,5060.62924,5065.1435,5067.2352,5074.3878,5,1.3596355,393.872738367152,398.459974197203
"Melt: 1e3 rows, 1 id + 10000 val","dask",1000,10001,1,10000,5,9.8953904,FALSE,10108.1803,10116.1997,10372.08594,10390.0538,10599.1197,10646.8762,5,1.4154657,807.267574450333,817.35504019887
"Melt: 1e3 rows, 10 id (5 int + 5 chr) + 10 val","dataprep",1000,20,10,10,20,0.0004692,FALSE,0.4518,0.4594,0.480275,0.46545,0.47185,0.7564,20,4.2188963,1,1
"Melt: 1e3 rows, 10 id (5 int + 5 chr) + 10 val","data.table",1000,20,10,10,20,0.0009048,FALSE,0.7783,0.8477,0.873285,0.8575,0.885475,1.1779,20,4.4098524,1.81830201447088,1.84230314749167
"Melt: 1e3 rows, 10 id (5 int + 5 chr) + 10 val","reshape2",1000,20,10,10,20,0.0014435,FALSE,1.0318,1.118475,1.185755,1.1572,1.19685,1.4817,20,4.4005809,2.46890843787413,2.48619615425932
"Melt: 1e3 rows, 10 id (5 int + 5 chr) + 10 val","polars",1000,20,10,10,20,0.0029621,FALSE,1.0122,1.104075,1.26063,1.19115,1.3687,1.7331,20,4.4669143,2.62480870334704,2.55913631969062
"Melt: 1e3 rows, 10 id (5 int + 5 chr) + 10 val","tidyr",1000,20,10,10,20,0.0053682,FALSE,4.3988,4.446425,4.615295,4.513,4.7748,5.1302,20,4.2797529,9.60969236374994,9.69599312493286
"Melt: 1e3 rows, 10 id (5 int + 5 chr) + 10 val","pandas",1000,20,10,10,15,0.0126036,FALSE,11.6848,11.8396,11.9387333333333,11.9672,12.0135,12.2153,15,3.2382391,24.8581194801589,25.7110323343001
"Melt: 1e3 rows, 10 id (5 int + 5 chr) + 10 val","duckdb",1000,20,10,10,15,0.0258905,FALSE,21.0713,24.07115,24.18082,24.5493,24.96105,26.7891,15,4.1420609,50.3478632033731,52.7431517885917
"Melt: 1e3 rows, 10 id (5 int + 5 chr) + 10 val","dask",1000,20,10,10,10,0.1054385,FALSE,101.4213,102.058025,103.2199,103.35705,104.14165,104.9438,10,2.8210376,214.918328041226,222.05833064776
"Melt: 1e3 rows, 10 id (5 int + 5 chr) + 100 val","dataprep",1000,110,10,100,20,0.0016473,FALSE,1.5959,1.6129,1.662785,1.6229,1.65125,1.8989,20,5.0506619,1,1
"Melt: 1e3 rows, 10 id (5 int + 5 chr) + 100 val","polars",1000,110,10,100,20,0.0028426,FALSE,2.1065,2.485475,2.904765,3.016,3.234825,3.7201,20,5.0901094,1.74692759436728,1.8584016267176
"Melt: 1e3 rows, 10 id (5 int + 5 chr) + 100 val","data.table",1000,110,10,100,20,0.0038713,FALSE,3.481,3.520325,3.61948,3.5327,3.772275,3.8231,20,5.0715157,2.17675766861019,2.17678230328424
"Melt: 1e3 rows, 10 id (5 int + 5 chr) + 100 val","reshape2",1000,110,10,100,20,0.0077093,FALSE,5.7534,6.0595,6.6472,6.6677,7.092475,8.0717,20,5.263077,3.99763048139116,4.10850945837698
"Melt: 1e3 rows, 10 id (5 int + 5 chr) + 100 val","tidyr",1000,110,10,100,20,0.008964,FALSE,8.7242,9.201975,9.428975,9.3901,9.5919,10.1739,20,5.1176108,5.67059180832158,5.78600036970855
"Melt: 1e3 rows, 10 id (5 int + 5 chr) + 100 val","pandas",1000,110,10,100,15,0.0590564,FALSE,57.8173,57.9364,58.0830133333333,58.0261,58.1333,58.7579,15,3.9371123,34.9311626778768,35.7545751432621
"Melt: 1e3 rows, 10 id (5 int + 5 chr) + 100 val","duckdb",1000,110,10,100,10,0.1530587,FALSE,128.9779,129.7957,135.15536,131.42215,135.684125,150.9019,10,2.6734854,81.2825229960578,80.9798200751741
"Melt: 1e3 rows, 10 id (5 int + 5 chr) + 100 val","dask",1000,110,10,100,10,0.5050405,FALSE,495.2719,500.148225,502.47376,502.50195,505.429525,507.7861,10,2.7464732,302.188051973045,309.632109187257
"Melt: 1e3 rows, 10 id (5 int + 5 chr) + 1000 val","polars",1000,1010,10,1000,15,0.0152124,FALSE,10.4039,11.7803,15.32038,12.7232,15.2684,31.9036,15,3.5400134,1,1
"Melt: 1e3 rows, 10 id (5 int + 5 chr) + 1000 val","dataprep",1000,1010,10,1000,15,0.0172455,FALSE,16.479,16.8861,17.1366533333333,16.9741,17.28005,18.7242,15,3.9491094,1.11855276000552,1.33410619969819
"Melt: 1e3 rows, 10 id (5 int + 5 chr) + 1000 val","data.table",1000,1010,10,1000,15,0.0331747,FALSE,31.2753,31.64385,31.8720533333333,31.7048,32.05675,32.6305,15,4.0384128,2.0803696339995,2.49188883299799
"Melt: 1e3 rows, 10 id (5 int + 5 chr) + 1000 val","reshape2",1000,1010,10,1000,15,0.0552561,FALSE,55.0332,55.25595,55.55822,55.3602,55.4576,58.8145,15,4.0217185,3.62642571528905,4.35112235915493
"Melt: 1e3 rows, 10 id (5 int + 5 chr) + 1000 val","tidyr",1000,1010,10,1000,15,0.0567883,FALSE,54.5028,55.92195,56.4175466666667,56.2784,56.79775,58.9291,15,4.0187878,3.68251614298514,4.42328973843058
"Melt: 1e3 rows, 10 id (5 int + 5 chr) + 1000 val","pandas",1000,1010,10,1000,10,0.5184208,FALSE,515.8467,517.445075,518.74771,518.1575,519.594025,522.4317,10,2.6136495,33.8599767107604,40.7254071302817
"Melt: 1e3 rows, 10 id (5 int + 5 chr) + 1000 val","duckdb",1000,1010,10,1000,5,1.3739797,FALSE,1230.349,1233.2376,1291.98192,1247.5494,1373.4202,1375.3534,5,1.2011445,84.3309317392911,98.0531155684105
"Melt: 1e3 rows, 10 id (5 int + 5 chr) + 1000 val","dask",1000,1010,10,1000,5,4.728483,FALSE,4725.0681,4760.3274,4784.47878,4795.261,4815.8147,4825.9227,5,1.3396805,312.295046206426,376.891112298793
"Melt: 1e3 rows, 10 id (5 int + 5 chr) + 10000 val","dataprep",1000,10010,10,10000,10,0.1033059,FALSE,101.5903,101.960225,105.35006,102.6391,103.7183,117.9217,10,3.1553005,1,1
"Melt: 1e3 rows, 10 id (5 int + 5 chr) + 10000 val","polars",1000,10010,10,10000,10,0.1304661,FALSE,103.5342,108.9902,132.50241,124.31935,131.905525,197.8332,10,2.6772153,1.25773454708996,1.21122798231863
"Melt: 1e3 rows, 10 id (5 int + 5 chr) + 10000 val","data.table",1000,10010,10,10000,10,0.3783245,FALSE,312.3667,344.281575,349.71902,356.75545,359.3532,378.585,10,3.5087676,3.31959013597145,3.47582402807507
"Melt: 1e3 rows, 10 id (5 int + 5 chr) + 10000 val","reshape2",1000,10010,10,10000,10,0.5624765,FALSE,558.2987,568.513125,574.99375,572.75015,580.072525,596.5604,10,3.7745342,5.457934717835,5.58023355621786
"Melt: 1e3 rows, 10 id (5 int + 5 chr) + 10000 val","tidyr",1000,10010,10,10000,10,0.5858528,FALSE,522.937,567.11705,576.30526,583.75805,589.1324,599.4426,10,3.8008499,5.4703837852584,5.68748215835876
"Melt: 1e3 rows, 10 id (5 int + 5 chr) + 10000 val","pandas",1000,10010,10,10000,5,5.2966097,FALSE,5323.607,5583.7023,5631.68416,5626.2763,5756.9564,5867.8788,5,1.3486528,53.4568671342,54.8161110142236
"Melt: 1e3 rows, 10 id (5 int + 5 chr) + 10000 val","duckdb",1000,10010,10,10000,1,13.309368,FALSE,13485.0237,13485.0237,13485.0237,13485.0237,13485.0237,13485.0237,1,0.2975212,128.002050497171,131.382910606192
"Melt: 1e3 rows, 10 id (5 int + 5 chr) + 10000 val","dask",1000,10010,10,10000,1,53.4637718,FALSE,54112.8647,54112.8647,54112.8647,54112.8647,54112.8647,54112.8647,1,0.3064599,513.648162136785,527.214918096515
