"label","tool","n_long","n_id","n_levels","times","first_run_sec","skipped","min","lq","mean","median","uq","max","neval","gc_sec","relative_mean","relative_median"
"Dcast: n_long=1,000, 1 id + 10 lvl","dataprep",1000,1,10,20,0.0004827,FALSE,0.3833,0.39305,0.41089,0.3998,0.40565,0.6467,20,4.2926451,1,1
"Dcast: n_long=1,000, 1 id + 10 lvl","reshape2",1000,1,10,20,0.0027185,FALSE,2.1959,2.24235,2.4473,2.481,2.51925,2.8428,20,4.4581731,5.95609530531286,6.2056028014007
"Dcast: n_long=1,000, 1 id + 10 lvl","pandas",1000,1,10,20,0.0029309,FALSE,2.6277,2.65305,2.8186,2.66755,2.923475,4.39,20,4.2459004,6.85974348365743,6.67221110555278
"Dcast: n_long=1,000, 1 id + 10 lvl","data.table",1000,1,10,20,0.0037324,FALSE,3.5661,3.6017,3.662795,3.6224,3.652225,3.9434,20,4.3235848,8.91429579692862,9.06053026513257
"Dcast: n_long=1,000, 1 id + 10 lvl","polars",1000,1,10,20,0.0088474,FALSE,4.5563,5.0509,5.608695,5.4386,5.843025,8.32,20,4.6359579,13.6501131689747,13.6033016508254
"Dcast: n_long=1,000, 1 id + 10 lvl","tidyr",1000,1,10,20,0.0066788,FALSE,6.2633,6.341625,6.446325,6.3919,6.589,6.6959,20,4.3165907,15.6886879700163,15.987743871936
"Dcast: n_long=1,000, 1 id + 10 lvl","dask",1000,1,10,15,0.0163255,FALSE,13.489,14.21465,14.9007666666667,15.2949,15.371,15.5714,15,3.5394128,36.264612588933,38.2563781890945
"Dcast: n_long=1,000, 1 id + 10 lvl","duckdb",1000,1,10,15,0.0212971,FALSE,17.3709,18.44855,18.8379,18.6254,19.48745,20.1804,15,3.5708681,45.8465769427341,46.5867933966983
"Dcast: n_long=10,000, 1 id + 10 lvl","dataprep",10000,1,10,20,0.0005362,FALSE,0.4835,0.51125,0.56112,0.5224,0.631725,0.6687,20,4.6947234,1,1
"Dcast: n_long=10,000, 1 id + 10 lvl","reshape2",10000,1,10,20,0.0054692,FALSE,4.0197,4.09245,4.352375,4.39035,4.544375,5.1331,20,4.6328373,7.75658504419732,8.4041921898928
"Dcast: n_long=10,000, 1 id + 10 lvl","pandas",10000,1,10,20,0.0054761,FALSE,4.647,4.69515,5.055845,4.98315,5.2541,5.9144,20,4.5554286,9.01027409466781,9.53895482388974
"Dcast: n_long=10,000, 1 id + 10 lvl","polars",10000,1,10,20,0.0082978,FALSE,6.3017,7.15565,7.469525,7.36075,7.644525,9.0792,20,4.6682355,13.3118138722555,14.0902565084227
"Dcast: n_long=10,000, 1 id + 10 lvl","data.table",10000,1,10,20,0.0078516,FALSE,8.0083,8.2515,8.54079,8.4137,8.742975,9.5473,20,4.7955124,15.2209687767323,16.1058575803982
"Dcast: n_long=10,000, 1 id + 10 lvl","tidyr",10000,1,10,20,0.0084785,FALSE,7.3086,7.642275,8.167715,8.41795,8.6035,8.7325,20,4.6531775,14.5560931708013,16.1139931087289
"Dcast: n_long=10,000, 1 id + 10 lvl","dask",10000,1,10,15,0.0212603,FALSE,17.6475,17.83125,18.0531,17.9822,18.2623,18.5065,15,3.6050915,32.1733319076133,34.4222817764165
"Dcast: n_long=10,000, 1 id + 10 lvl","duckdb",10000,1,10,15,0.024554,FALSE,22.188,22.9829,23.5052066666667,23.459,24.0943,24.6427,15,3.6232021,41.8898037258816,44.906202143951
"Dcast: n_long=100,000, 1 id + 10 lvl","dataprep",100000,1,10,20,0.0010331,FALSE,0.9579,1.03445,1.0757,1.0443,1.070625,1.3712,20,4.598671,1,1
"Dcast: n_long=100,000, 1 id + 10 lvl","tidyr",100000,1,10,15,0.0165097,FALSE,13.6991,13.88195,14.0966533333333,13.9442,13.9832,16.1356,15,3.5657693,13.1046326423104,13.3526764339749
"Dcast: n_long=100,000, 1 id + 10 lvl","polars",100000,1,10,15,0.0158271,FALSE,13.8197,14.71085,15.3936333333333,15.337,15.99555,17.6969,15,3.4028502,14.3103405534381,14.6863927990041
"Dcast: n_long=100,000, 1 id + 10 lvl","pandas",100000,1,10,15,0.0213377,FALSE,20.1117,20.271,20.4353,20.3646,20.53395,20.9343,15,3.4976805,18.9972111183415,19.5007181844298
"Dcast: n_long=100,000, 1 id + 10 lvl","reshape2",100000,1,10,15,0.0368197,FALSE,30.0021,30.355,31.4784733333333,30.5483,30.6737,35.9464,15,3.5889156,29.263245638499,29.2524178875802
"Dcast: n_long=100,000, 1 id + 10 lvl","data.table",100000,1,10,15,0.0442123,FALSE,37.5064,38.162,39.1098066666667,39.1836,39.8746,41.8911,15,3.7082955,36.3575408261287,37.5214018960069
"Dcast: n_long=100,000, 1 id + 10 lvl","dask",100000,1,10,15,0.0425656,FALSE,36.5861,40.7635,41.2241466666667,40.9258,41.24845,46.7216,15,3.5364874,38.3230888413746,39.189696447381
"Dcast: n_long=100,000, 1 id + 10 lvl","duckdb",100000,1,10,15,0.0796317,FALSE,67.8156,71.3077,73.38836,72.1711,76.55315,77.5708,15,3.6311058,68.2238170493632,69.1095470650196
"Dcast: n_long=1,000,000, 1 id + 10 lvl","dataprep",1000000,1,10,20,0.0036071,FALSE,3.2357,3.334275,3.451915,3.4313,3.5201,3.7358,20,4.8019825,1,1
"Dcast: n_long=1,000,000, 1 id + 10 lvl","polars",1000000,1,10,15,0.0570183,FALSE,57.9044,59.27985,65.2001933333333,62.3818,66.6809,82.9695,15,3.338417,18.8881224866004,18.1802232390056
"Dcast: n_long=1,000,000, 1 id + 10 lvl","tidyr",1000000,1,10,10,0.1017665,FALSE,88.7244,100.150425,99.47611,100.53355,100.9055,101.7509,10,2.4786938,28.8176591833808,29.2989683210445
"Dcast: n_long=1,000,000, 1 id + 10 lvl","data.table",1000000,1,10,10,0.1458036,FALSE,137.3433,141.420825,146.56351,146.45735,151.913225,155.0909,10,2.4724897,42.4586092067736,42.6827587211844
"Dcast: n_long=1,000,000, 1 id + 10 lvl","pandas",1000000,1,10,10,0.277964,FALSE,240.9053,242.134025,248.76073,243.15065,243.9846,274.9586,10,2.3720064,72.064558368326,70.8625448080902
"Dcast: n_long=1,000,000, 1 id + 10 lvl","reshape2",1000000,1,10,10,0.4753559,FALSE,265.6764,278.961775,296.56847,307.7613,309.3858,310.8917,10,2.4561942,85.9141867629997,89.6923323521697
"Dcast: n_long=1,000,000, 1 id + 10 lvl","dask",1000000,1,10,10,0.3903485,FALSE,321.5297,321.9876,341.02706,323.3962,364.23945,382.2956,10,2.3758745,98.7935855894482,94.2488852621455
"Dcast: n_long=1,000,000, 1 id + 10 lvl","duckdb",1000000,1,10,10,0.3522685,FALSE,373.7157,382.136925,385.06793,383.37715,387.319625,395.8399,10,2.4155821,111.551973324952,111.729417421968
"Dcast: n_long=10,000,000, 1 id + 10 lvl","dataprep",10000000,1,10,15,0.0258153,FALSE,23.4882,23.8284,24.78688,24.1715,25.46255,27.9683,15,3.777237,1,1
"Dcast: n_long=10,000,000, 1 id + 10 lvl","polars",10000000,1,10,10,0.4729969,FALSE,474.3498,531.6115,555.36684,557.04945,580.242075,654.1255,10,2.5272186,22.4056775197201,23.0457129263802
"Dcast: n_long=10,000,000, 1 id + 10 lvl","data.table",10000000,1,10,5,1.0308481,FALSE,1014.6151,1042.834,1041.87948,1049.4561,1050.5309,1051.9613,5,1.4941477,42.0335064356627,43.4170862379248
"Dcast: n_long=10,000,000, 1 id + 10 lvl","tidyr",10000000,1,10,5,1.5581002,FALSE,1524.0286,1528.4903,1528.98666,1529.1314,1529.4617,1533.8213,5,1.389838,61.6853214281103,63.261750408539
"Dcast: n_long=10,000,000, 1 id + 10 lvl","pandas",10000000,1,10,5,2.6310824,FALSE,2542.5408,2547.3838,2549.28386,2550.2843,2551.814,2554.3964,5,1.2689042,102.848114002246,105.507903936454
"Dcast: n_long=10,000,000, 1 id + 10 lvl","reshape2",10000000,1,10,5,3.3956689,FALSE,2746.2368,2747.1315,2864.94072,2906.8389,2951.3284,2973.168,5,1.4866759,115.582950335016,120.258937178082
"Dcast: n_long=10,000,000, 1 id + 10 lvl","dask",10000000,1,10,5,4.2665003,FALSE,3320.0493,3320.7383,3344.24212,3327.7879,3368.1606,3384.4745,5,1.3216944,134.919849533301,137.674033469168
"Dcast: n_long=10,000,000, 1 id + 10 lvl","duckdb",10000000,1,10,5,3.4345211,FALSE,3410.6676,3466.9532,3521.29028,3476.4372,3516.4732,3735.9202,5,1.3166815,142.062667023845,143.823809031297
"Dcast: n_long=100,000,000, 1 id + 10 lvl","dataprep",100000000,1,10,10,0.2210116,FALSE,213.5945,218.808075,219.7504,220.138,220.43495,229.886,10,5.584623,1,1
"Dcast: n_long=100,000,000, 1 id + 10 lvl","polars",100000000,1,10,5,5.4700542,FALSE,5375.8761,5522.8911,5564.7395,5543.8729,5640.7741,5740.2833,5,2.4731288,25.3230005497146,25.1836252714207
"Dcast: n_long=100,000,000, 1 id + 10 lvl","data.table",100000000,1,10,1,12.964271,FALSE,13401.225,13401.225,13401.225,13401.225,13401.225,13401.225,1,0.7827252,60.9838480385019,60.8764729397015
"Dcast: n_long=100,000,000, 1 id + 10 lvl","tidyr",100000000,1,10,1,16.9384963,FALSE,16399.6415,16399.6415,16399.6415,16399.6415,16399.6415,16399.6415,1,0.6455098,74.6284944191228,74.4970950040429
"Dcast: n_long=100,000,000, 1 id + 10 lvl","reshape2",100000000,1,10,1,29.6686423,FALSE,29775.7888,29775.7888,29775.7888,29775.7888,29775.7888,29775.7888,1,0.7789851,135.498223438956,135.259649855999
"Dcast: n_long=100,000,000, 1 id + 10 lvl","pandas",100000000,1,10,1,32.9104699,FALSE,31762.2476,31762.2476,31762.2476,31762.2476,31762.2476,31762.2476,1,0.5741076,144.537837473788,144.283347718249
"Dcast: n_long=100,000,000, 1 id + 10 lvl","duckdb",100000000,1,10,1,33.4766947,FALSE,34107.0187,34107.0187,34107.0187,34107.0187,34107.0187,34107.0187,1,0.5506719,155.207993705586,154.934716859425
"Dcast: n_long=100,000,000, 1 id + 10 lvl","dask",100000000,1,10,1,47.0101072,FALSE,39105.8682,39105.8682,39105.8682,39105.8682,39105.8682,39105.8682,1,0.4650875,177.955845359098,177.642516058109
"Dcast: n_long=1,000,000, 1 id + 100 lvl","dataprep",1000000,1,100,20,0.0041111,FALSE,3.5956,4.0647,4.22915,4.17665,4.45415,4.868,20,4.5609357,1,1
"Dcast: n_long=1,000,000, 1 id + 100 lvl","polars",1000000,1,100,10,0.3115017,FALSE,80.6379,85.631175,88.16508,87.61315,91.954325,93.3692,10,2.2266386,20.846997623636,20.9768953587205
"Dcast: n_long=1,000,000, 1 id + 100 lvl","tidyr",1000000,1,100,15,0.0999325,FALSE,83.7984,84.26945,91.8992933333333,95.0633,95.917,98.1618,15,3.7262684,21.7299678028288,22.7606574647145
"Dcast: n_long=1,000,000, 1 id + 100 lvl","reshape2",1000000,1,100,10,0.1790632,FALSE,172.9627,173.4596,174.43766,174.0997,174.267725,177.1115,10,2.4379756,41.2465057990376,41.6840530089905
"Dcast: n_long=1,000,000, 1 id + 100 lvl","data.table",1000000,1,100,10,0.1635828,FALSE,177.0164,179.91075,181.99297,181.36535,184.496725,187.5806,10,2.5354449,43.0329900807491,43.4236409562688
"Dcast: n_long=1,000,000, 1 id + 100 lvl","pandas",1000000,1,100,10,0.269472,FALSE,231.8248,232.993325,248.56232,250.8938,262.626875,264.0254,10,2.4103811,58.7735880732535,60.0705828834113
"Dcast: n_long=1,000,000, 1 id + 100 lvl","dask",1000000,1,100,10,0.3821652,FALSE,309.3484,311.28635,329.28796,312.70185,351.64565,369.4183,10,2.3274786,77.8614993556625,74.8690577376606
"Dcast: n_long=1,000,000, 1 id + 100 lvl","duckdb",1000000,1,100,10,0.7925976,FALSE,776.2064,795.98975,808.28598,800.83135,814.80495,877.9209,10,2.3102317,191.122561271177,191.740114685214
"Dcast: n_long=1,000,000, 1 id + 1000 lvl","dataprep",1000000,1,1000,20,0.0058481,FALSE,4.8963,5.081925,5.45386,5.2836,5.48735,8.0589,20,4.7130125,1,1
"Dcast: n_long=1,000,000, 1 id + 1000 lvl","tidyr",1000000,1,1000,15,0.0938766,FALSE,81.8913,82.18195,90.0874066666667,93.6315,93.91665,96.9048,15,3.6662072,16.5181003301637,17.7211560299796
"Dcast: n_long=1,000,000, 1 id + 1000 lvl","reshape2",1000000,1,1000,10,0.1706323,FALSE,168.5148,169.007825,170.00663,169.9742,171.002075,171.626,10,2.4432496,31.1717994227941,32.1701491407374
"Dcast: n_long=1,000,000, 1 id + 1000 lvl","data.table",1000000,1,1000,10,0.1699506,FALSE,167.0021,168.11315,170.60672,170.04625,172.953725,175.8403,10,2.5188352,31.2818297499386,32.1837856764327
"Dcast: n_long=1,000,000, 1 id + 1000 lvl","pandas",1000000,1,1000,10,0.2694855,FALSE,236.0007,243.41885,257.31138,266.97845,268.15505,269.6731,10,2.4795926,47.1796819133604,50.5296483458248
"Dcast: n_long=1,000,000, 1 id + 1000 lvl","polars",1000000,1,1000,10,0.279689,FALSE,289.6813,298.071375,304.12922,305.12125,308.597725,321.9363,10,2.3587234,55.7640313466059,57.7487413884473
"Dcast: n_long=1,000,000, 1 id + 1000 lvl","dask",1000000,1,1000,10,0.4359356,FALSE,315.9998,317.967425,322.65666,318.9211,321.272575,356.2141,10,2.3270802,59.1611555852185,60.360568551745
"Dcast: n_long=1,000,000, 1 id + 1000 lvl","duckdb",1000000,1,1000,5,1.1909414,FALSE,1086.1983,1097.2531,1129.58558,1120.5509,1137.0275,1206.8981,5,1.2264139,207.116717334145,212.080948595654
"Dcast: n_long=1,000,000, 1 id + 10000 lvl","dataprep",1000000,1,10000,15,0.0316215,FALSE,30.995,31.71795,32.1248666666667,32.2125,32.5212,33.1291,15,3.7560629,1,1
"Dcast: n_long=1,000,000, 1 id + 10000 lvl","tidyr",1000000,1,10000,10,0.1276393,FALSE,127.6288,130.19805,138.00555,133.55325,146.95575,150.6973,10,4.111488,4.29591043698236,4.14600698486612
"Dcast: n_long=1,000,000, 1 id + 10000 lvl","data.table",1000000,1,10000,10,0.1828209,FALSE,183.7434,191.9563,193.72452,195.1998,197.430675,199.9405,10,2.4793192,6.03036028165097,6.05975320139697
"Dcast: n_long=1,000,000, 1 id + 10000 lvl","pandas",1000000,1,10000,10,0.2887227,FALSE,248.9927,249.6474,250.74997,250.05615,251.873275,253.3816,10,2.3724816,7.8054789332459,7.76270547147846
"Dcast: n_long=1,000,000, 1 id + 10000 lvl","reshape2",1000000,1,10000,10,0.257425,FALSE,251.9851,253.2522,254.41575,253.88775,255.278125,258.6456,10,2.4945597,7.91958929012416,7.88165308498254
"Dcast: n_long=1,000,000, 1 id + 10000 lvl","dask",1000000,1,10000,10,0.4337509,FALSE,331.6851,332.45225,351.60315,337.4599,372.210525,393.0777,10,2.3680913,10.9448905624511,10.4760543267365
"Dcast: n_long=1,000,000, 1 id + 10000 lvl","polars",1000000,1,10000,5,2.0823991,FALSE,2001.0522,2001.6426,2069.12968,2013.0051,2045.1541,2284.7944,5,1.1960117,64.408973318696,62.4914272409779
"Dcast: n_long=1,000,000, 1 id + 10000 lvl","duckdb",1000000,1,10000,5,7.7748842,FALSE,11132.0836,11502.2717,14037.75894,13714.7293,15490.5774,18349.1327,5,1.2332851,436.974854577866,425.757991462941
"Dcast: n_long=1,000,000, 2 id (1 int + 1 chr) + 10 lvl","dataprep",1000000,2,10,20,0.0096002,FALSE,9.0265,9.443875,9.56116,9.54115,9.74265,10.1041,20,4.7166355,1,1
"Dcast: n_long=1,000,000, 2 id (1 int + 1 chr) + 10 lvl","polars",1000000,2,10,15,0.0732564,FALSE,70.4549,76.9073,83.63126,81.6661,89.0783,108.9015,15,3.3790441,8.74697840011045,8.55935605246747
"Dcast: n_long=1,000,000, 2 id (1 int + 1 chr) + 10 lvl","tidyr",1000000,2,10,10,0.1286922,FALSE,113.2345,113.394575,119.88237,115.0089,128.208075,130.3558,10,2.5194826,12.5384754569529,12.0539872028005
"Dcast: n_long=1,000,000, 2 id (1 int + 1 chr) + 10 lvl","data.table",1000000,2,10,10,0.207534,FALSE,197.7066,204.8021,207.5325,205.9701,211.603325,216.6191,10,2.6032179,21.7057867455413,21.5875549593078
"Dcast: n_long=1,000,000, 2 id (1 int + 1 chr) + 10 lvl","reshape2",1000000,2,10,10,0.6549445,FALSE,378.8128,382.0859,383.31332,383.70115,384.35445,387.5061,10,2.476257,40.0906710064469,40.2153985630663
"Dcast: n_long=1,000,000, 2 id (1 int + 1 chr) + 10 lvl","pandas",1000000,2,10,10,0.4099685,FALSE,366.847,404.6278,401.17532,406.4282,406.799025,409.4844,10,2.4390047,41.9588543649515,42.5974017807078
"Dcast: n_long=1,000,000, 2 id (1 int + 1 chr) + 10 lvl","dask",1000000,2,10,10,0.5639826,FALSE,483.2923,484.590075,486.62994,485.59545,486.961675,494.0338,10,2.3608084,50.8965376586105,50.8948554419541
"Dcast: n_long=1,000,000, 2 id (1 int + 1 chr) + 10 lvl","duckdb",1000000,2,10,10,0.7245235,FALSE,632.4703,638.655625,672.73135,650.7681,717.198825,724.4477,10,2.3956669,70.3608505662493,68.2064635814341
"Dcast: n_long=1,000,000, 10 id (5 int + 5 chr) + 10 lvl","dataprep",1000000,10,10,15,0.0157553,FALSE,15.4253,15.62615,15.82692,15.7724,16.01965,16.4261,15,3.8442472,1,1
"Dcast: n_long=1,000,000, 10 id (5 int + 5 chr) + 10 lvl","polars",1000000,10,10,15,0.084493,FALSE,83.0761,89.7084,93.75678,94.2736,97.4366,106.5971,15,3.5781221,5.92388032542023,5.97712459739799
"Dcast: n_long=1,000,000, 10 id (5 int + 5 chr) + 10 lvl","tidyr",1000000,10,10,10,0.1897655,FALSE,173.247,186.9434,186.22052,187.6542,188.58735,191.408,10,2.7395347,11.7660618743255,11.8976313053181
"Dcast: n_long=1,000,000, 10 id (5 int + 5 chr) + 10 lvl","data.table",1000000,10,10,10,0.4425172,FALSE,351.1285,359.829175,365.81562,369.2479,371.97065,374.9044,10,2.7928762,23.1135066077291,23.4110154447009
"Dcast: n_long=1,000,000, 10 id (5 int + 5 chr) + 10 lvl","pandas",1000000,10,10,10,0.992412,FALSE,874.9645,878.277575,906.9284,883.07225,937.11845,987.2108,10,2.5021273,57.3028991111347,55.9884513453881
"Dcast: n_long=1,000,000, 10 id (5 int + 5 chr) + 10 lvl","dask",1000000,10,10,5,1.1765434,FALSE,1095.0614,1098.9429,1109.06714,1101.7549,1115.5413,1134.0352,5,1.2256494,70.0747296378575,69.8533450838173
"Dcast: n_long=1,000,000, 10 id (5 int + 5 chr) + 10 lvl","duckdb",1000000,10,10,5,1.8505173,FALSE,1801.2156,1811.2957,1903.76236,1824.8605,2032.6573,2048.7827,5,1.2044443,120.286345037443,115.699608176308
"Dcast: n_long=1,000,000, 10 id (5 int + 5 chr) + 10 lvl","reshape2",1000000,10,10,5,3.2334464,FALSE,2665.0364,2674.1781,2677.3804,2679.557,2682.8603,2685.2702,5,1.3473175,169.166230700604,169.888983287261
"Dcast: n_long=1,000,000, 100 id (50 int + 50 chr) + 10 lvl","dataprep",1000000,100,10,15,0.0935419,FALSE,71.1384,71.87885,72.3466666666667,71.9848,72.626,74.7294,15,6.0216167,1,1
"Dcast: n_long=1,000,000, 100 id (50 int + 50 chr) + 10 lvl","polars",1000000,100,10,10,0.1974192,FALSE,197.612,203.0251,251.81085,251.7246,301.719375,304.8394,10,3.8533895,3.48061440287505,3.49691323723897
"Dcast: n_long=1,000,000, 100 id (50 int + 50 chr) + 10 lvl","tidyr",1000000,100,10,10,0.8194688,FALSE,695.7778,696.3628,724.56547,698.45255,699.665375,957.8591,10,3.9895861,10.0151880298562,9.70277822540314
"Dcast: n_long=1,000,000, 100 id (50 int + 50 chr) + 10 lvl","data.table",1000000,100,10,5,1.1981583,FALSE,999.8164,1000.7889,1033.295,1020.0508,1035.5329,1110.286,5,2.1651236,14.2825516033911,14.170363743457
"Dcast: n_long=1,000,000, 100 id (50 int + 50 chr) + 10 lvl","pandas",1000000,100,10,5,7.2821104,FALSE,6785.0537,6785.9437,6952.08738,6861.0452,7091.4148,7236.9795,5,1.8801766,96.094093899742,95.3124159544793
"Dcast: n_long=1,000,000, 100 id (50 int + 50 chr) + 10 lvl","dask",1000000,100,10,5,8.2515242,FALSE,8142.149,8148.1508,8300.24924,8173.1667,8400.2964,8637.4833,5,1.8745751,114.728841319572,113.540173758905
"Dcast: n_long=1,000,000, 100 id (50 int + 50 chr) + 10 lvl","duckdb",1000000,100,10,1,15.6624785,FALSE,16128.655,16128.655,16128.655,16128.655,16128.655,16128.655,1,0.3754346,222.935703096203,224.056398017359
"Dcast: n_long=1,000,000, 100 id (50 int + 50 chr) + 10 lvl","reshape2",1000000,100,10,1,24.5173234,FALSE,24036.0868,24036.0868,24036.0868,24036.0868,24036.0868,24036.0868,1,0.4777163,332.234889421305,333.905029950767
"Dcast: n_long=10,000, 1 id + 100 lvl","dataprep",10000,1,100,20,0.0005593,FALSE,0.5198,0.535325,0.572835,0.544,0.552,1.0115,20,4.4301401,1,1
"Dcast: n_long=10,000, 1 id + 100 lvl","reshape2",10000,1,100,20,0.0053796,FALSE,4.6757,4.752975,4.869925,4.78195,5.025675,5.1901,20,4.3889081,8.50144456955319,8.79034926470588
"Dcast: n_long=10,000, 1 id + 100 lvl","pandas",10000,1,100,20,0.0061411,FALSE,5.1769,5.212775,5.350105,5.2501,5.4815,5.6671,20,4.2415212,9.33969642218091,9.65091911764706
"Dcast: n_long=10,000, 1 id + 100 lvl","tidyr",10000,1,100,20,0.0089971,FALSE,7.9007,8.2967,8.774305,8.83885,9.016775,11.0975,20,4.7401567,15.3173339617866,16.2478860294118
"Dcast: n_long=10,000, 1 id + 100 lvl","data.table",10000,1,100,15,0.0118819,FALSE,7.8318,8.6344,9.07487333333333,9.2255,9.50455,9.8688,15,3.5124288,15.842037119473,16.9586397058824
"Dcast: n_long=10,000, 1 id + 100 lvl","polars",10000,1,100,10,0.1690629,FALSE,9.6974,10.600525,11.5341,11.62455,12.288,14.142,10,2.491275,20.1351174421954,21.3686580882353
"Dcast: n_long=10,000, 1 id + 100 lvl","dask",10000,1,100,15,0.0246829,FALSE,16.983,17.2997,18.6205266666667,19.3234,19.85555,20.3282,15,3.9692085,32.5059164797309,35.5209558823529
"Dcast: n_long=10,000, 1 id + 100 lvl","duckdb",10000,1,100,15,0.0908828,FALSE,81.5368,87.2732,88.4267333333333,87.9578,90.01,94.9048,15,4.1357899,154.366847928868,161.687132352941
"Dcast: n_long=100,000, 1 id + 100 lvl","dataprep",100000,1,100,20,0.0009182,FALSE,0.8569,0.90735,0.919615,0.92225,0.931,0.9748,20,5.3022943,1,1
"Dcast: n_long=100,000, 1 id + 100 lvl","polars",100000,1,100,15,0.0202217,FALSE,16.4246,17.6511,18.17806,18.1,19.2204,19.8445,15,3.6826493,19.7670329431338,19.6259148820819
"Dcast: n_long=100,000, 1 id + 100 lvl","tidyr",100000,1,100,15,0.0189376,FALSE,16.5647,18.3876,18.44194,18.4435,18.6384,19.3494,15,3.6729922,20.0539791108236,19.9983735429656
"Dcast: n_long=100,000, 1 id + 100 lvl","reshape2",100000,1,100,15,0.039828,FALSE,32.4453,32.8146,33.5618133333333,32.932,33.10155,38.1698,15,4.035224,36.4955044592936,35.7083220384928
"Dcast: n_long=100,000, 1 id + 100 lvl","pandas",100000,1,100,15,0.0354721,FALSE,34.2783,34.6088,34.7848,34.7972,34.90745,35.4469,15,3.9271535,37.8253943226241,37.7307671455679
"Dcast: n_long=100,000, 1 id + 100 lvl","data.table",100000,1,100,15,0.0474706,FALSE,39.62,40.0517,42.1516866666667,41.5508,44.05325,47.0442,15,3.9331043,45.8362321913699,45.0537272973706
"Dcast: n_long=100,000, 1 id + 100 lvl","dask",100000,1,100,15,0.0785712,FALSE,57.7928,58.662,63.36368,65.586,65.98965,67.0358,15,3.82618,68.9023993736509,71.1152073732719
"Dcast: n_long=100,000, 1 id + 100 lvl","duckdb",100000,1,100,10,0.2835011,FALSE,267.2452,271.842125,281.69969,279.1941,290.704,309.2773,10,2.5859484,306.323504945004,302.731471943616
"Dcast: n_long=10,000,000, 1 id + 100 lvl","dataprep",10000000,1,100,15,0.0315871,FALSE,32.7227,34.24115,34.5957533333333,34.4427,34.97485,35.9827,15,4.3101842,1,1
"Dcast: n_long=10,000,000, 1 id + 100 lvl","data.table",10000000,1,100,5,1.0631694,FALSE,1058.7847,1064.7223,1109.64558,1095.3869,1163.8269,1165.5071,5,1.5944651,32.0746182142201,31.8031658377537
"Dcast: n_long=10,000,000, 1 id + 100 lvl","polars",10000000,1,100,5,1.0253283,FALSE,1071.0418,1088.8191,1111.499,1116.4802,1120.6057,1160.5482,5,1.1628809,32.1281918416576,32.4155829827511
"Dcast: n_long=10,000,000, 1 id + 100 lvl","tidyr",10000000,1,100,5,1.3472952,FALSE,1337.0799,1337.7829,1340.19222,1340.7231,1341.5607,1343.8145,5,1.5109774,38.7386338169059,38.9261904554521
"Dcast: n_long=10,000,000, 1 id + 100 lvl","pandas",10000000,1,100,5,2.6398027,FALSE,2316.4821,2318.4346,2345.41766,2322.9267,2325.7754,2443.4695,5,1.2432483,67.7949584563654,67.4432230922663
"Dcast: n_long=10,000,000, 1 id + 100 lvl","reshape2",10000000,1,100,5,3.5068623,FALSE,3009.6982,3015.5097,3130.50116,3063.1393,3261.8907,3302.2679,5,1.6285615,90.4880182789294,88.9343547399013
"Dcast: n_long=10,000,000, 1 id + 100 lvl","dask",10000000,1,100,5,3.9771984,FALSE,3016.5294,3017.8477,3133.27762,3137.8363,3232.9062,3261.2685,5,1.2688596,90.5682726377014,91.1030871563495
"Dcast: n_long=10,000,000, 1 id + 100 lvl","duckdb",10000000,1,100,5,7.2895002,FALSE,7186.9273,7192.4133,7377.74706,7482.392,7511.8966,7515.1061,5,1.3416329,213.25585799259,217.241737726717
"Dcast: n_long=100,000,000, 1 id + 100 lvl","dataprep",100000000,1,100,10,0.1102474,FALSE,115.5569,116.583925,120.82959,117.72285,118.688,135.6049,10,5.6465395,1,1
"Dcast: n_long=100,000,000, 1 id + 100 lvl","polars",100000000,1,100,5,8.1777831,FALSE,7740.0953,8027.8225,8239.8107,8065.6639,8671.6777,8693.7941,5,2.6549473,68.1936494198151,68.5140047153123
"Dcast: n_long=100,000,000, 1 id + 100 lvl","tidyr",100000000,1,100,1,13.8149747,FALSE,14148.1503,14148.1503,14148.1503,14148.1503,14148.1503,14148.1503,1,0.6400061,117.091767836008,120.181853395496
"Dcast: n_long=100,000,000, 1 id + 100 lvl","data.table",100000000,1,100,1,14.7469091,FALSE,14914.9043,14914.9043,14914.9043,14914.9043,14914.9043,14914.9043,1,0.7745077,123.437514767699,126.695066420835
"Dcast: n_long=100,000,000, 1 id + 100 lvl","reshape2",100000000,1,100,1,24.2006679,FALSE,24115.6284,24115.6284,24115.6284,24115.6284,24115.6284,24115.6284,1,0.7941189,199.583797313224,204.850871347406
"Dcast: n_long=100,000,000, 1 id + 100 lvl","pandas",100000000,1,100,1,26.3285422,FALSE,26487.8053,26487.8053,26487.8053,26487.8053,26487.8053,26487.8053,1,0.5355704,219.21621433955,225.001393527255
"Dcast: n_long=100,000,000, 1 id + 100 lvl","dask",100000000,1,100,1,40.6204881,FALSE,33408.9035,33408.9035,33408.9035,33408.9035,33408.9035,33408.9035,1,0.4978369,276.496042898101,283.792853299083
"Dcast: n_long=100,000,000, 1 id + 100 lvl","duckdb",100000000,1,100,1,79.1610696,FALSE,81803.3266,81803.3266,81803.3266,81803.3266,81803.3266,81803.3266,1,0.5912589,677.014021151607,694.880616634749
